aKhmRlyZfxgZjRY3A493Kg==,01/Jul/1995:00:01:06,"GET /cgi-bin/imagemap/countdown?99,176 HTTP/1.0",302,110
ZMf/dEyeZ48NWRptNc6x871cHzgHUTnVpZu/diMcsoc=,01/Jul/1995:00:01:53,"GET /cgi-bin/imagemap/countdown?102,174 HTTP/1.0",302,110
ZXb2o4vNF18jLp6bdeLfk8rsN+dD8SEGMfn596vu+5A=,01/Jul/1995:00:02:27,"GET /cgi-bin/imagemap/countdown?103,146 HTTP/1.0",302,96
W6TeilPKoxnG/Nc9kOM2lKxFsiU9ik5/hz/1dWwg/do=,01/Jul/1995:00:02:41,"GET /cgi-bin/imagemap/countdown?99,173 HTTP/1.0",302,110
ZXb2o4vNF18jLp6bdeLfk8rsN+dD8SEGMfn596vu+5A=,01/Jul/1995:00:03:00,"GET /cgi-bin/imagemap/countdown?102,210 HTTP/1.0",302,95
KaabDbkZKK80hZh8H9oSJndBFB7HNRFOIEJuqGeIFBg=,01/Jul/1995:00:03:13,"GET /cgi-bin/imagemap/countdown?103,175 HTTP/1.0",302,110
RQ5m1WwhYhezwDfuuaGMcpQLJBhDLxm95nNAPgEfklA=,01/Jul/1995:00:03:20,"GET /cgi-bin/imagemap/countdown?107,144 HTTP/1.0",302,96
aKhmRlyZfxgZjRY3A493Kg==,01/Jul/1995:00:03:45,"GET /cgi-bin/imagemap/countdown?108,176 HTTP/1.0",302,110
RQ5m1WwhYhezwDfuuaGMcpQLJBhDLxm95nNAPgEfklA=,01/Jul/1995:00:04:01,"GET /cgi-bin/imagemap/countdown?99,113 HTTP/1.0",302,111
W6TeilPKoxnG/Nc9kOM2lKxFsiU9ik5/hz/1dWwg/do=,01/Jul/1995:00:04:31,"GET /cgi-bin/imagemap/countdown?370,274 HTTP/1.0",302,68
d4J80cJO5bfVWMlevtuPd5sfkqeBrI1BrRnxczQ70Zs=,01/Jul/1995:00:04:54,"GET /cgi-bin/imagemap/countdown?99,178 HTTP/1.0",302,110
nX/WS+ZtzF+OwLbWWlAuoL5kbWs2RSR4PlVkq0aC00k=,01/Jul/1995:00:05:06,"GET /cgi-bin/imagemap/countdown?107,144 HTTP/1.0",302,96
c6n4xbwq0wF6qERFI+2sSQ==,01/Jul/1995:00:05:21,"GET /cgi-bin/imagemap/countdown?302,275 HTTP/1.0",302,98
ayhTRcT6a05qJaER/UsUWTc0HUFXX+Zg3vNUG/9zmMM=,01/Jul/1995:00:06:26,"GET /cgi-bin/imagemap/countdown?88,208 HTTP/1.0",302,95
LfUeUhv3yvKVq//upn5v1DAWu0GgutUImoZ4vqI66e4=,01/Jul/1995:00:07:02,"GET /cgi-bin/imagemap/countdown?98,110 HTTP/1.0",302,111
ybCmFpku/L5KWPWVCAzVsxz2XhSsuhGr5XzNVsPog2c=,01/Jul/1995:00:07:35,"GET /cgi-bin/imagemap/countdown?102,172 HTTP/1.0",302,110
ZMf/dEyeZ48NWRptNc6x871cHzgHUTnVpZu/diMcsoc=,01/Jul/1995:00:08:22,"GET /cgi-bin/imagemap/countdown?382,274 HTTP/1.0",302,68
nX/WS+ZtzF+OwLbWWlAuoL5kbWs2RSR4PlVkq0aC00k=,01/Jul/1995:00:08:32,"GET /cgi-bin/imagemap/countdown?94,175 HTTP/1.0",302,110
cs8KJa9JFqAfFUFxO2glMg==,01/Jul/1995:00:08:45,"GET /cgi-bin/imagemap/countdown?105,143 HTTP/1.0",302,96
RQ5m1WwhYhezwDfuuaGMcpQLJBhDLxm95nNAPgEfklA=,01/Jul/1995:00:08:56,"GET /cgi-bin/imagemap/countdown?99,213 HTTP/1.0",302,95
iZgSigtIvCT75RRrQaiPfPOVlL5p0V4PS/JkGl4Tx2A=,01/Jul/1995:00:09:18,"GET /cgi-bin/imagemap/countdown?99,150 HTTP/1.0",302,96
6G+6+8azjWs7beKHPdph0A==,01/Jul/1995:00:09:25,"GET /cgi-bin/imagemap/countdown?373,278 HTTP/1.0",302,68
DFOnW2N2O4sGfMfCfeTGDsVC1uYSQ0rEEb4mEfDQfbE=,01/Jul/1995:00:09:47,"GET /cgi-bin/imagemap/countdown?376,273 HTTP/1.0",302,68
LfUeUhv3yvKVq//upn5v1DAWu0GgutUImoZ4vqI66e4=,01/Jul/1995:00:09:53,"GET /cgi-bin/imagemap/countdown?94,145 HTTP/1.0",302,96
cs8KJa9JFqAfFUFxO2glMg==,01/Jul/1995:00:10:33,"GET /cgi-bin/imagemap/countdown?93,176 HTTP/1.0",302,110
iZgSigtIvCT75RRrQaiPfPOVlL5p0V4PS/JkGl4Tx2A=,01/Jul/1995:00:10:38,"GET /cgi-bin/imagemap/countdown?103,180 HTTP/1.0",302,110
LfUeUhv3yvKVq//upn5v1DAWu0GgutUImoZ4vqI66e4=,01/Jul/1995:00:10:43,"GET /cgi-bin/imagemap/countdown?382,271 HTTP/1.0",302,68
ybCmFpku/L5KWPWVCAzVsxz2XhSsuhGr5XzNVsPog2c=,01/Jul/1995:00:11:26,"GET /cgi-bin/imagemap/countdown?107,147 HTTP/1.0",302,96
iTrvPifZ3buLNNHk4FGLyw==,01/Jul/1995:00:11:27,"GET /cgi-bin/imagemap/countdown?92,174 HTTP/1.0",302,110
Tha6MXkB4XuL56ouGuHBANTFgzMA/jNGTyPgGQgkG0s=,01/Jul/1995:00:11:44,"GET /cgi-bin/imagemap/countdown?95,142 HTTP/1.0",302,96
wKnWg/0V5nvJo9X4rgnyuXSOq/OKKEVRnPSVkc6cfXQ=,01/Jul/1995:00:11:46,"GET /cgi-bin/imagemap/countdown?100,114 HTTP/1.0",302,111
ybCmFpku/L5KWPWVCAzVsxz2XhSsuhGr5XzNVsPog2c=,01/Jul/1995:00:11:55,"GET /cgi-bin/imagemap/countdown?106,212 HTTP/1.0",302,95
ybCmFpku/L5KWPWVCAzVsxz2XhSsuhGr5XzNVsPog2c=,01/Jul/1995:00:12:20,"GET /cgi-bin/imagemap/countdown?321,276 HTTP/1.0",302,98
/Ugxb7Lc/sP71I1SQAeOeQ==,01/Jul/1995:00:12:40,"GET /cgi-bin/imagemap/countdown?103,142 HTTP/1.0",302,96
cs8KJa9JFqAfFUFxO2glMg==,01/Jul/1995:00:14:24,"GET /cgi-bin/imagemap/countdown?266,274 HTTP/1.0",302,85
/Ugxb7Lc/sP71I1SQAeOeQ==,01/Jul/1995:00:16:10,"GET /cgi-bin/imagemap/countdown?373,274 HTTP/1.0",302,68
V+w6D1dK+4lVAC7bqioLQL2z97Ptjf+uv29v1YOlvrw=,01/Jul/1995:00:17:24,"GET /cgi-bin/imagemap/countdown?375,272 HTTP/1.0",302,68
93gOP/2bq6DkPAeMNropVA==,01/Jul/1995:00:18:03,"GET /cgi-bin/imagemap/countdown?99,144 HTTP/1.0",302,96
93gOP/2bq6DkPAeMNropVA==,01/Jul/1995:00:18:42,"GET /cgi-bin/imagemap/countdown?98,108 HTTP/1.0",302,111
oqwfHV61xAZUlrr6kBzdIA==,01/Jul/1995:00:19:11,"GET /cgi-bin/imagemap/countdown?370,276 HTTP/1.0",302,68
TJzJCf6dKuz8sq2W914g5g==,01/Jul/1995:00:19:36,"GET /cgi-bin/imagemap/countdown?383,277 HTTP/1.0",302,68
asRQooo2xNXTFokQ3DPsjBEyEWb7I4MU2VHhRhO+tY4=,01/Jul/1995:00:19:40,"GET /cgi-bin/imagemap/countdown?93,109 HTTP/1.0",302,111
GwDUVafBybw9082OVBwF8A==,01/Jul/1995:00:20:14,"GET /cgi-bin/imagemap/countdown?97,146 HTTP/1.0",302,96
oKyTi0eVIhk8a6SkWo0fvg==,01/Jul/1995:00:21:11,"GET /cgi-bin/imagemap/countdown?110,112 HTTP/1.0",302,111
+EteHSqLKxLjC5hEGv9qWw==,01/Jul/1995:00:22:19,"GET /cgi-bin/imagemap/countdown?89,176 HTTP/1.0",302,110
N/2ktGZT+ejIGmbQuBL+GGfzXOWPGIboRvT0qkYbdvk=,01/Jul/1995:00:23:01,"GET /cgi-bin/imagemap/countdown?376,269 HTTP/1.0",302,68
EhqyDjJqX/2VSjmclo2k/NRlVSHGVcfKm3J67Km0MLY=,01/Jul/1995:00:23:08,"GET /cgi-bin/imagemap/countdown?103,144 HTTP/1.0",302,96
aGNoZD8JONrKz3ypQ2K2wQt3E1qf1+Lc7VURoLHD8JY=,01/Jul/1995:00:23:34,"GET /cgi-bin/imagemap/countdown?104,169 HTTP/1.0",302,110
F+nqUcwKEjUpCTN54h0u+w33BaLqtIbOT2LPKTZTbJU=,01/Jul/1995:00:25:03,"GET /cgi-bin/imagemap/countdown?103,174 HTTP/1.0",302,110
WxkhuKG887troQ3w9EsSSnuoQNFm9N1CFm/wBIqLul8=,01/Jul/1995:00:25:27,"GET /cgi-bin/imagemap/countdown?100,108 HTTP/1.0",302,111
aGNoZD8JONrKz3ypQ2K2wQt3E1qf1+Lc7VURoLHD8JY=,01/Jul/1995:00:25:35,"GET /cgi-bin/imagemap/countdown?329,273 HTTP/1.0",302,98
i656CL7MHMj750wS8b9Z1Q==,01/Jul/1995:00:26:23,"GET /cgi-bin/imagemap/countdown?97,140 HTTP/1.0",302,96
7oHkfWhbmkaOtDU+agu1dAHwqM4e3qlxk8R05IN5nz8=,01/Jul/1995:00:26:24,"GET /cgi-bin/imagemap/countdown?89,145 HTTP/1.0",302,96
HlfwHnrmL8SRUs9xaVdlG/NZRWCL+0aIdHMR53Kw2jo=,01/Jul/1995:00:26:26,"GET /cgi-bin/imagemap/countdown?107,148 HTTP/1.0",302,96
SPT/LKBm/G2/Q6OHLPuaO6tZL3gDLy5ifXYrsPk4DMY=,01/Jul/1995:00:26:38,"GET /cgi-bin/imagemap/countdown?97,174 HTTP/1.0",302,110
+lCbyetRxS9MbBpzaIbXOQ==,01/Jul/1995:00:26:52,"GET /cgi-bin/imagemap/countdown?320,279 HTTP/1.0",302,98
7oHkfWhbmkaOtDU+agu1dAHwqM4e3qlxk8R05IN5nz8=,01/Jul/1995:00:27:31,"GET /cgi-bin/imagemap/countdown?367,277 HTTP/1.0",302,68
NntlVV/sGZ05G82VLZgo5w==,01/Jul/1995:00:27:39,"GET /cgi-bin/imagemap/countdown?107,175 HTTP/1.0",302,110
i656CL7MHMj750wS8b9Z1Q==,01/Jul/1995:00:27:49,"GET /cgi-bin/imagemap/countdown?375,269 HTTP/1.0",302,68
EmkSoUoKzrCqaNLmo5oxBhV2D29SBPUw751rKuQrttQ=,01/Jul/1995:00:28:08,"GET /cgi-bin/imagemap/countdown?112,111 HTTP/1.0",302,111
WxkhuKG887troQ3w9EsSSnuoQNFm9N1CFm/wBIqLul8=,01/Jul/1995:00:28:10,"GET /cgi-bin/imagemap/countdown?86,140 HTTP/1.0",302,96
8Kxs3kTB6OWBGd6Z16/qaUlTevEuSdx1LohHGWCMkXU=,01/Jul/1995:00:28:16,"GET /cgi-bin/imagemap/countdown?321,279 HTTP/1.0",302,98
WxkhuKG887troQ3w9EsSSnuoQNFm9N1CFm/wBIqLul8=,01/Jul/1995:00:28:30,"GET /cgi-bin/imagemap/countdown?98,169 HTTP/1.0",302,110
NntlVV/sGZ05G82VLZgo5w==,01/Jul/1995:00:28:31,"GET /cgi-bin/imagemap/countdown?101,147 HTTP/1.0",302,96
GwDUVafBybw9082OVBwF8A==,01/Jul/1995:00:28:44,"GET /cgi-bin/imagemap/countdown?99,215 HTTP/1.0",302,95
EmkSoUoKzrCqaNLmo5oxBhV2D29SBPUw751rKuQrttQ=,01/Jul/1995:00:28:50,"GET /cgi-bin/imagemap/countdown?102,179 HTTP/1.0",302,110
jOOlUBbUJablWvoWUywhuSKrXSV7MgZLEqUBnyy7Mls=,01/Jul/1995:00:29:07,"GET /cgi-bin/imagemap/countdown?109,171 HTTP/1.0",302,110
bpUWfkrt8CKbKg5PdC4wOiHp6wo92+a3/rzwC0BuSpo=,01/Jul/1995:00:29:07,"GET /cgi-bin/imagemap/countdown?103,110 HTTP/1.0",302,111
SPT/LKBm/G2/Q6OHLPuaO6tZL3gDLy5ifXYrsPk4DMY=,01/Jul/1995:00:29:19,"GET /cgi-bin/imagemap/countdown?374,271 HTTP/1.0",302,68
E5mJ0iGmui2r06QBrsSuJCAdxCgXsCTMKBsDixrk+JI=,01/Jul/1995:00:30:52,"GET /cgi-bin/imagemap/countdown?267,160 HTTP/1.0",302,97
qVNtSpF7yKUvWoWT7kgA8g==,01/Jul/1995:00:31:10,"GET /cgi-bin/imagemap/countdown?101,106 HTTP/1.0",302,111
zJbbhUXlzQTkSxDGnhPKWH0ybKX7Q0ZDDdlOCFNKwFU=,01/Jul/1995:00:32:03,"GET /cgi-bin/imagemap/countdown?107,212 HTTP/1.0",302,95
NntlVV/sGZ05G82VLZgo5w==,01/Jul/1995:00:32:11,"GET /cgi-bin/imagemap/countdown?97,112 HTTP/1.0",302,111
hI4zq1eDEwLqpsjOnIM40A==,01/Jul/1995:00:32:59,"GET /cgi-bin/imagemap/countdown?97,112 HTTP/1.0",302,111
ioj1Lc5RyzsJy3wyicwSxw==,01/Jul/1995:00:33:02,"GET /cgi-bin/imagemap/countdown?96,209 HTTP/1.0",302,95
E5mJ0iGmui2r06QBrsSuJCAdxCgXsCTMKBsDixrk+JI=,01/Jul/1995:00:33:06,"GET /cgi-bin/imagemap/countdown?234,173 HTTP/1.0",302,97
hI4zq1eDEwLqpsjOnIM40A==,01/Jul/1995:00:33:41,"GET /cgi-bin/imagemap/countdown?94,109 HTTP/1.0",302,111
E5mJ0iGmui2r06QBrsSuJCAdxCgXsCTMKBsDixrk+JI=,01/Jul/1995:00:33:45,"GET /cgi-bin/imagemap/countdown?94,110 HTTP/1.0",302,111
uLg8iVt1214vbOqTYsPEaH57XdLgRqKhSHVBeoA//7Y=,01/Jul/1995:00:34:03,"GET /cgi-bin/imagemap/countdown?377,271 HTTP/1.0",302,68
hI4zq1eDEwLqpsjOnIM40A==,01/Jul/1995:00:34:15,"GET /cgi-bin/imagemap/countdown?397,159 HTTP/1.0",302,97
ioj1Lc5RyzsJy3wyicwSxw==,01/Jul/1995:00:34:30,"GET /cgi-bin/imagemap/countdown?104,102 HTTP/1.0",302,111
ioj1Lc5RyzsJy3wyicwSxw==,01/Jul/1995:00:34:36,"GET /cgi-bin/imagemap/countdown?92,145 HTTP/1.0",302,96
x1w27TtdWIquNf4NTZJI9HyMMgJlhIiaKTC3eMcXwmg=,01/Jul/1995:00:34:40,"GET /cgi-bin/imagemap/countdown?100,173 HTTP/1.0",302,110
8xPv/Ckx1J1vG6xQXXZ71T+iJ4VSVhZYydvcx4K4XpA=,01/Jul/1995:00:34:47,"GET /cgi-bin/imagemap/countdown?330,278 HTTP/1.0",302,98
NntlVV/sGZ05G82VLZgo5w==,01/Jul/1995:00:34:57,"GET /cgi-bin/imagemap/countdown?101,172 HTTP/1.0",302,110
hI4zq1eDEwLqpsjOnIM40A==,01/Jul/1995:00:34:58,"GET /cgi-bin/imagemap/countdown?397,159 HTTP/1.0",302,97
fpHPUInP5Kg/IpEIswauUA==,01/Jul/1995:00:35:09,"GET /cgi-bin/imagemap/countdown?95,106 HTTP/1.0",302,111
hI4zq1eDEwLqpsjOnIM40A==,01/Jul/1995:00:35:24,"GET /cgi-bin/imagemap/countdown?160,281 HTTP/1.0",302,77
ioj1Lc5RyzsJy3wyicwSxw==,01/Jul/1995:00:35:45,"GET /cgi-bin/imagemap/countdown?106,175 HTTP/1.0",302,110
E5mJ0iGmui2r06QBrsSuJCAdxCgXsCTMKBsDixrk+JI=,01/Jul/1995:00:35:50,"GET /cgi-bin/imagemap/countdown?93,117 HTTP/1.0",302,111
07ZZzIdR/47jXnFI/e0HSQ==,01/Jul/1995:00:35:53,"GET /cgi-bin/imagemap/countdown?98,208 HTTP/1.0",302,95
ksQNm5p2DxNx8DxgPOZA/op+QBQsUjzCGnpeGiM5E+4=,01/Jul/1995:00:35:55,"GET /cgi-bin/imagemap/countdown?95,174 HTTP/1.0",302,110
ZunfNvimWOOw9LFSkmz6WS1f3G3953avIaix8Fbkf2o=,01/Jul/1995:00:36:44,"GET /cgi-bin/imagemap/countdown?103,149 HTTP/1.0",302,96
qVNtSpF7yKUvWoWT7kgA8g==,01/Jul/1995:00:36:46,"GET /cgi-bin/imagemap/countdown?111,173 HTTP/1.0",302,110
tGfP6v5MyOZ1OmegS8vsMQ==,01/Jul/1995:00:37:15,"GET /cgi-bin/imagemap/countdown?77,46 HTTP/1.0",302,72
WxkhuKG887troQ3w9EsSSnuoQNFm9N1CFm/wBIqLul8=,01/Jul/1995:00:37:37,"GET /cgi-bin/imagemap/countdown?94,209 HTTP/1.0",302,95
Dgs6xGkQRMEsLL5F2at7CmHZhkpMRsCQTVCQ7wE4Yv4=,01/Jul/1995:00:38:07,"GET /cgi-bin/imagemap/countdown?372,280 HTTP/1.0",302,68
ksQNm5p2DxNx8DxgPOZA/op+QBQsUjzCGnpeGiM5E+4=,01/Jul/1995:00:38:15,"GET /cgi-bin/imagemap/countdown?103,111 HTTP/1.0",302,111
dScAX2RgjAG9zViVfAbVBnu5uQUreozGl2ikLicxDXU=,01/Jul/1995:00:38:36,"GET /cgi-bin/imagemap/countdown?94,178 HTTP/1.0",302,110
WxkhuKG887troQ3w9EsSSnuoQNFm9N1CFm/wBIqLul8=,01/Jul/1995:00:38:50,"GET /cgi-bin/imagemap/countdown?456,282 HTTP/1.0",302,85
ksQNm5p2DxNx8DxgPOZA/op+QBQsUjzCGnpeGiM5E+4=,01/Jul/1995:00:39:02,"GET /cgi-bin/imagemap/countdown?315,280 HTTP/1.0",302,98
zJbbhUXlzQTkSxDGnhPKWH0ybKX7Q0ZDDdlOCFNKwFU=,01/Jul/1995:00:39:26,"GET /cgi-bin/imagemap/countdown?13,124 HTTP/1.0",302,100
94+gC0CMB627zp48JeXrNEjfkXjORVsH58n0qYP9LG0=,01/Jul/1995:00:39:48,"GET /cgi-bin/imagemap/countdown?109,206 HTTP/1.0",302,95
H0ccaieu8L03YOzOxIUhq9t+5PhuCsv1o/7N9FXMvTo=,01/Jul/1995:00:39:56,"GET /cgi-bin/imagemap/countdown?232,186 HTTP/1.0",302,97
302soeFYZY36hIuXuBelEfl/IeB80QS/TfM1IwnHTaU=,01/Jul/1995:00:39:59,"GET /cgi-bin/imagemap/countdown?377,270 HTTP/1.0",302,68
/sytCIO/LGnu7YF+Orzfog==,01/Jul/1995:00:40:06,"GET /cgi-bin/imagemap/countdown?108,114 HTTP/1.0",302,111
gYd7yw02i0mT6uqmJBEu2A==,01/Jul/1995:00:40:34,"GET /cgi-bin/imagemap/countdown?99,179 HTTP/1.0",302,110
Kz2GVEFhyzYk1PPBLzZuyUeGhDs6QgySJOx31f8MPsg=,01/Jul/1995:00:41:07,"GET /cgi-bin/imagemap/countdown?97,143 HTTP/1.0",302,96
WxkhuKG887troQ3w9EsSSnuoQNFm9N1CFm/wBIqLul8=,01/Jul/1995:00:41:08,"GET /cgi-bin/imagemap/countdown?368,272 HTTP/1.0",302,68
/6OIydzVMrDaIgIcozMO2g==,01/Jul/1995:00:41:47,"GET /cgi-bin/imagemap/countdown?98,183 HTTP/1.0",302,110
E5mJ0iGmui2r06QBrsSuJCAdxCgXsCTMKBsDixrk+JI=,01/Jul/1995:00:41:48,"GET /cgi-bin/imagemap/countdown?99,178 HTTP/1.0",302,110
gSAuv+BUuZgvPIRjl2s23Mr+SFZyJusRwon5C9M9Pjw=,01/Jul/1995:00:42:36,"GET /cgi-bin/imagemap/countdown?95,144 HTTP/1.0",302,96
gTln+OkF5trtCQ6XDcePSgE9BaZgBd+SWIAgU0cpXwE=,01/Jul/1995:00:42:41,"GET /cgi-bin/imagemap/countdown?108,168 HTTP/1.0",302,110
6v6Q/tP1uCb4NDElemKRDrCPYXpRmqa5MW80CNOD1bI=,01/Jul/1995:00:42:47,"GET /cgi-bin/imagemap/countdown?103,178 HTTP/1.0",302,110
TDp29KGsZa5YwwC0MzVEEKeFwKGiPbvJwtaufn7cgro=,01/Jul/1995:00:42:48,"GET /cgi-bin/imagemap/countdown?103,176 HTTP/1.0",302,110
vcwOGS+jK+vO2s7gs6y0WJpg/DjG0MpYUJ0xfydtQlU=,01/Jul/1995:00:42:55,"GET /cgi-bin/imagemap/countdown?89,177 HTTP/1.0",302,110
dScAX2RgjAG9zViVfAbVBnu5uQUreozGl2ikLicxDXU=,01/Jul/1995:00:42:57,"GET /cgi-bin/imagemap/countdown?102,208 HTTP/1.0",302,95
E5mJ0iGmui2r06QBrsSuJCAdxCgXsCTMKBsDixrk+JI=,01/Jul/1995:00:43:14,"GET /cgi-bin/imagemap/countdown?320,274 HTTP/1.0",302,98
n1FkAVObbGnxiNI8RD++VBA30738OHeyC9vBwTz4j7A=,01/Jul/1995:00:43:35,"GET /cgi-bin/imagemap/countdown?106,112 HTTP/1.0",302,111
/sytCIO/LGnu7YF+Orzfog==,01/Jul/1995:00:44:06,"GET /cgi-bin/imagemap/countdown?91,180 HTTP/1.0",302,110
cuxjKTRG34T01FsPMo7jTW6oKbyivaLcRakFALWMrDA=,01/Jul/1995:00:44:53,"GET /cgi-bin/imagemap/countdown?93,143 HTTP/1.0",302,96
07ZZzIdR/47jXnFI/e0HSQ==,01/Jul/1995:00:44:54,"GET /cgi-bin/imagemap/countdown?105,146 HTTP/1.0",302,96
cuxjKTRG34T01FsPMo7jTW6oKbyivaLcRakFALWMrDA=,01/Jul/1995:00:45:17,"GET /cgi-bin/imagemap/countdown?109,139 HTTP/1.0",302,96
/6OIydzVMrDaIgIcozMO2g==,01/Jul/1995:00:45:27,"GET /cgi-bin/imagemap/countdown?103,144 HTTP/1.0",302,96
ksQNm5p2DxNx8DxgPOZA/op+QBQsUjzCGnpeGiM5E+4=,01/Jul/1995:00:45:47,"GET /cgi-bin/imagemap/countdown?96,175 HTTP/1.0",302,110
dScAX2RgjAG9zViVfAbVBnu5uQUreozGl2ikLicxDXU=,01/Jul/1995:00:47:05,"GET /cgi-bin/imagemap/countdown?93,141 HTTP/1.0",302,96
DFOnW2N2O4sGfMfCfeTGDsVC1uYSQ0rEEb4mEfDQfbE=,01/Jul/1995:00:47:14,"GET /cgi-bin/imagemap/countdown?95,174 HTTP/1.0",302,110
gTln+OkF5trtCQ6XDcePSgE9BaZgBd+SWIAgU0cpXwE=,01/Jul/1995:00:47:14,"GET /cgi-bin/imagemap/countdown?334,272 HTTP/1.0",302,98
Ri1AKXCK9HQtoQQRShpDcEMvGc1sIfhWrFmoI2tkN6w=,01/Jul/1995:00:48:15,"GET /cgi-bin/imagemap/countdown?97,141 HTTP/1.0",302,96
E5mJ0iGmui2r06QBrsSuJCAdxCgXsCTMKBsDixrk+JI=,01/Jul/1995:00:48:47,"GET /cgi-bin/imagemap/countdown?389,283 HTTP/1.0",302,68
73WLzuSQsT75aBO720SZav9YqO4KQpErmvfsph9zDfU=,01/Jul/1995:00:49:28,"GET /cgi-bin/imagemap/countdown?97,146 HTTP/1.0",302,96
8g7GwwyEu7e+WYImmofyWMLUtdjU1fAe/GIdwSWsI2U=,01/Jul/1995:00:49:30,"GET /cgi-bin/imagemap/countdown?100,141 HTTP/1.0",302,96
Kz2GVEFhyzYk1PPBLzZuyUeGhDs6QgySJOx31f8MPsg=,01/Jul/1995:00:49:54,"GET /cgi-bin/imagemap/countdown?384,277 HTTP/1.0",302,68
8g7GwwyEu7e+WYImmofyWMLUtdjU1fAe/GIdwSWsI2U=,01/Jul/1995:00:50:06,"GET /cgi-bin/imagemap/countdown?374,273 HTTP/1.0",302,68
AzfIeAzizEMr+4gh4xXnTy/L3EkhLacDS8mmL07j6dw=,01/Jul/1995:00:50:25,"GET /cgi-bin/imagemap/countdown?382,277 HTTP/1.0",302,68
73WLzuSQsT75aBO720SZav9YqO4KQpErmvfsph9zDfU=,01/Jul/1995:00:50:39,"GET /cgi-bin/imagemap/countdown?381,276 HTTP/1.0",302,68
G883Yq44zUjLPqdz1gdJ2FDF6bb2yNDqisRkxYmX4PE=,01/Jul/1995:00:50:50,"GET /cgi-bin/imagemap/countdown?233,184 HTTP/1.0",302,97
jClQtMf/pATToKJMhM6jsQ3dNrN3wq3R7EpS4cdcuVc=,01/Jul/1995:00:51:00,"GET /cgi-bin/imagemap/countdown?103,173 HTTP/1.0",302,110
uOHnSk4iVPiQkj11D2AKqYMLAP8FSveJTnbDO3Kb4lE=,01/Jul/1995:00:51:05,"GET /cgi-bin/imagemap/countdown?105,179 HTTP/1.0",302,110
/6OIydzVMrDaIgIcozMO2g==,01/Jul/1995:00:51:17,"GET /cgi-bin/imagemap/countdown?381,274 HTTP/1.0",302,68
L/VygupI8bUadE/2j+8l4Qb3Tb9uwDzm8toVIgmrdTY=,01/Jul/1995:00:52:24,"GET /cgi-bin/imagemap/countdown?100,178 HTTP/1.0",302,110
caXENsOKWQpdOiEW/6XR5U8iSg9mZyOirp5QyW8mO74=,01/Jul/1995:00:52:39,"GET /cgi-bin/imagemap/countdown?100,110 HTTP/1.0",302,111
uOHnSk4iVPiQkj11D2AKqYMLAP8FSveJTnbDO3Kb4lE=,01/Jul/1995:00:52:40,"GET /cgi-bin/imagemap/countdown?366,275 HTTP/1.0",302,68
gI8O230nWK8s3CRClEK1rsUE4NswYLtTdc3YVZAK63w=,01/Jul/1995:00:53:10,"GET /cgi-bin/imagemap/countdown?375,266 HTTP/1.0",302,68
AbWmUD7RqkO/NgAcLZ8qVA==,01/Jul/1995:00:53:27,"GET /cgi-bin/imagemap/countdown?321,275 HTTP/1.0",302,98
DFOnW2N2O4sGfMfCfeTGDsVC1uYSQ0rEEb4mEfDQfbE=,01/Jul/1995:00:54:37,"GET /cgi-bin/imagemap/countdown?96,172 HTTP/1.0",302,110
rf4teJGZ/uVGcxGlMemkyQ==,01/Jul/1995:00:55:07,"GET /cgi-bin/imagemap/countdown?99,178 HTTP/1.0",302,110
CVbM+2yD5tjA5Ow2WqJxUBhsh3u/KRspUpgI7t0fTgo=,01/Jul/1995:00:55:15,"GET /cgi-bin/imagemap/countdown?100,147 HTTP/1.0",302,96
hXqD4derVxFmd5qhJgQ8lj9E+2ql7q2zIpoBOALUNrU=,01/Jul/1995:00:56:16,"GET /cgi-bin/imagemap/countdown?91,173 HTTP/1.0",302,110
6aagdLZpVEJS74oCJYqIILbS/0qqmprOSlbvAtbSWf0=,01/Jul/1995:00:56:26,"GET /cgi-bin/imagemap/countdown?378,275 HTTP/1.0",302,68
qZd53m7PxJgTbA8xw5f3/SvHxsAOLuWWkAgle7D99tM=,01/Jul/1995:00:57:30,"GET /cgi-bin/imagemap/countdown?109,105 HTTP/1.0",302,111
JPRp8DLazsmj0yaRM1zflrXSghdGArJTwh3sQJpLDno=,01/Jul/1995:00:58:50,"GET /cgi-bin/imagemap/countdown?101,102 HTTP/1.0",302,111
73WLzuSQsT75aBO720SZav9YqO4KQpErmvfsph9zDfU=,01/Jul/1995:00:58:52,"GET /cgi-bin/imagemap/countdown?333,282 HTTP/1.0",302,98
DFOnW2N2O4sGfMfCfeTGDsVC1uYSQ0rEEb4mEfDQfbE=,01/Jul/1995:00:59:07,"GET /cgi-bin/imagemap/countdown?321,272 HTTP/1.0",302,98
JPRp8DLazsmj0yaRM1zflrXSghdGArJTwh3sQJpLDno=,01/Jul/1995:00:59:23,"GET /cgi-bin/imagemap/countdown?98,143 HTTP/1.0",302,96
/xui5PRKFdFaVXh9KLB63qvCP1lAVQhRBR7ZLx09QsY=,01/Jul/1995:00:59:53,"GET /cgi-bin/imagemap/countdown?381,271 HTTP/1.0",302,68
DFOnW2N2O4sGfMfCfeTGDsVC1uYSQ0rEEb4mEfDQfbE=,01/Jul/1995:01:00:14,"GET /cgi-bin/imagemap/countdown?264,270 HTTP/1.0",302,85
DFOnW2N2O4sGfMfCfeTGDsVC1uYSQ0rEEb4mEfDQfbE=,01/Jul/1995:01:00:24,"GET /cgi-bin/imagemap/countdown?212,273 HTTP/1.0",302,114
DQUYs8z/dPnnA9H7TRV/9yvma4u/TcWJ1rdOKqyE7yo=,01/Jul/1995:01:00:33,"GET /cgi-bin/imagemap/countdown?89,144 HTTP/1.0",302,96
bx9nTPEJ9mylosmw+tcPZt/yHAtdbp532meZ07m5if4=,01/Jul/1995:01:02:09,"GET /cgi-bin/imagemap/countdown?314,270 HTTP/1.0",302,98
H29oYda+ahzzIrX2VCY+lg==,01/Jul/1995:01:02:50,"GET /cgi-bin/imagemap/countdown?101,144 HTTP/1.0",302,96
GvmAh4BVLbQghK3W6z5Opu/r6aUcUCIWE8GPXmErs3g=,01/Jul/1995:01:02:50,"GET /cgi-bin/imagemap/countdown?107,109 HTTP/1.0",302,111
jClQtMf/pATToKJMhM6jsQ3dNrN3wq3R7EpS4cdcuVc=,01/Jul/1995:01:04:30,"GET /cgi-bin/imagemap/countdown?381,273 HTTP/1.0",302,68
VT6OJHnltO2eNQ+osfc4mQ==,01/Jul/1995:01:04:41,"GET /cgi-bin/imagemap/countdown?99,118 HTTP/1.0",302,111
7rkaKMDtG83BY6AsSzB1sC5ZmcF10gmiuIkei4FgLIg=,01/Jul/1995:01:06:01,"GET /cgi-bin/imagemap/countdown?100,143 HTTP/1.0",302,96
7rkaKMDtG83BY6AsSzB1sC5ZmcF10gmiuIkei4FgLIg=,01/Jul/1995:01:06:30,"GET /cgi-bin/imagemap/countdown?375,276 HTTP/1.0",302,68
i4FH06KMiLqGPttkmXvN4N05bh4t0WaCj4ihq6A9pFw=,01/Jul/1995:01:06:57,"GET /cgi-bin/imagemap/countdown?93,102 HTTP/1.0",302,111
i4FH06KMiLqGPttkmXvN4N05bh4t0WaCj4ihq6A9pFw=,01/Jul/1995:01:07:24,"GET /cgi-bin/imagemap/countdown?97,141 HTTP/1.0",302,96
fWpiMV69BibgQpn8hcjTT0JPuElICtkZJAPntGR0O80=,01/Jul/1995:01:09:02,"GET /cgi-bin/imagemap/countdown?106,149 HTTP/1.0",302,96
AO3VRva47zO0WottCNyhLiP6DxZV3NQcupg9uncqKic=,01/Jul/1995:01:09:43,"GET /cgi-bin/imagemap/countdown?264,275 HTTP/1.0",302,85
j2BAh1rBzXAIOIHrw/6O0g==,01/Jul/1995:01:10:24,"GET /cgi-bin/imagemap/countdown?94,146 HTTP/1.0",302,96
fWpiMV69BibgQpn8hcjTT0JPuElICtkZJAPntGR0O80=,01/Jul/1995:01:10:27,"GET /cgi-bin/imagemap/countdown?94,176 HTTP/1.0",302,110
j2BAh1rBzXAIOIHrw/6O0g==,01/Jul/1995:01:10:46,"GET /cgi-bin/imagemap/countdown?99,113 HTTP/1.0",302,111
qNlEVIMJ44PgK/zo+INsGP9n1DoXDYzWxhzBOdp3e48=,01/Jul/1995:01:11:10,"GET /cgi-bin/imagemap/countdown?96,179 HTTP/1.0",302,110
07ZZzIdR/47jXnFI/e0HSQ==,01/Jul/1995:01:12:09,"GET /cgi-bin/imagemap/countdown?377,274 HTTP/1.0",302,68
AO3VRva47zO0WottCNyhLiP6DxZV3NQcupg9uncqKic=,01/Jul/1995:01:12:17,"GET /cgi-bin/imagemap/countdown?94,173 HTTP/1.0",302,110
GvmAh4BVLbQghK3W6z5Opu/r6aUcUCIWE8GPXmErs3g=,01/Jul/1995:01:12:34,"GET /cgi-bin/imagemap/countdown?94,172 HTTP/1.0",302,110
5epUnE3PgMHmEt2FbtkUfvOLULJMOg/fqd6oODuUZws=,01/Jul/1995:01:13:32,"GET /cgi-bin/imagemap/countdown?100,177 HTTP/1.0",302,110
H5G7ofMsTraYOGXarwDp/A88unShPjTOoyvbXeDB8cQ=,01/Jul/1995:01:14:54,"GET /cgi-bin/imagemap/countdown?250,39 HTTP/1.0",302,100
HffH/ffY7/DMg6Zm/xh6Npn7xB//5HwcTl8wSsz5cdY=,01/Jul/1995:01:15:06,"GET /cgi-bin/imagemap/countdown?321,278 HTTP/1.0",302,98
EV8TZjfNH00TIau3nVhMG9Cx/CnCkW9EXnxHKgsl4fg=,01/Jul/1995:01:15:22,"GET /cgi-bin/imagemap/countdown?94,147 HTTP/1.0",302,96
RNT1cVuyxnBDCOXE0U+diNYj2QaVAh8Ey0NVWJYBLlY=,01/Jul/1995:01:15:44,"GET /cgi-bin/imagemap/countdown?112,171 HTTP/1.0",302,110
HffH/ffY7/DMg6Zm/xh6Npn7xB//5HwcTl8wSsz5cdY=,01/Jul/1995:01:15:46,"GET /cgi-bin/imagemap/countdown?365,277 HTTP/1.0",302,68
EV8TZjfNH00TIau3nVhMG9Cx/CnCkW9EXnxHKgsl4fg=,01/Jul/1995:01:15:47,"GET /cgi-bin/imagemap/countdown?373,276 HTTP/1.0",302,68
QyU/XgcbDCN927Alff4F0w==,01/Jul/1995:01:16:09,"GET /cgi-bin/imagemap/countdown?105,148 HTTP/1.0",302,96
RNT1cVuyxnBDCOXE0U+diNYj2QaVAh8Ey0NVWJYBLlY=,01/Jul/1995:01:16:15,"GET /cgi-bin/imagemap/countdown?268,277 HTTP/1.0",302,85
QyU/XgcbDCN927Alff4F0w==,01/Jul/1995:01:16:18,"GET /cgi-bin/imagemap/countdown?272,280 HTTP/1.0",302,85
5epUnE3PgMHmEt2FbtkUfvOLULJMOg/fqd6oODuUZws=,01/Jul/1995:01:16:58,"GET /cgi-bin/imagemap/countdown?111,111 HTTP/1.0",302,111
qNlEVIMJ44PgK/zo+INsGP9n1DoXDYzWxhzBOdp3e48=,01/Jul/1995:01:17:25,"GET /cgi-bin/imagemap/countdown?104,109 HTTP/1.0",302,111
epfulsLeRC4OvF+61mzii6B9nj14dNOq+TYB2w0+rL8=,01/Jul/1995:01:20:15,"GET /cgi-bin/imagemap/countdown?99,119 HTTP/1.0",302,111
GvmAh4BVLbQghK3W6z5Opu/r6aUcUCIWE8GPXmErs3g=,01/Jul/1995:01:20:23,"GET /cgi-bin/imagemap/countdown?87,210 HTTP/1.0",302,95
JAMhrER85g6VIqjqF9qqCEpbl9ipbvrpxAaP806/xok=,01/Jul/1995:01:20:39,"GET /cgi-bin/imagemap/countdown?317,275 HTTP/1.0",302,98
epfulsLeRC4OvF+61mzii6B9nj14dNOq+TYB2w0+rL8=,01/Jul/1995:01:20:48,"GET /cgi-bin/imagemap/countdown?378,269 HTTP/1.0",302,68
aWYpqNyCzUKcbX9q8/+fDuwVHmYeTe81qv0bb9RLFfU=,01/Jul/1995:01:21:22,"GET /cgi-bin/imagemap/countdown?373,278 HTTP/1.0",302,68
hpA3Q8vbIP9tW0dyFBL9MQ==,01/Jul/1995:01:21:57,"GET /cgi-bin/imagemap/countdown?90,139 HTTP/1.0",302,96
+bT+mBapfI1jiW3ctCVKew==,01/Jul/1995:01:22:14,"GET /cgi-bin/imagemap/countdown?109,179 HTTP/1.0",302,110
Vutn/BuNMDSD0jVbiPnZnXDpZNYFCwS2O2hnXHMggnk=,01/Jul/1995:01:22:42,"GET /cgi-bin/imagemap/countdown?110,179 HTTP/1.0",302,110
hpA3Q8vbIP9tW0dyFBL9MQ==,01/Jul/1995:01:22:43,"GET /cgi-bin/imagemap/countdown?101,178 HTTP/1.0",302,110
H5G7ofMsTraYOGXarwDp/A88unShPjTOoyvbXeDB8cQ=,01/Jul/1995:01:23:22,"GET /cgi-bin/imagemap/countdown?103,113 HTTP/1.0",302,111
Vutn/BuNMDSD0jVbiPnZnXDpZNYFCwS2O2hnXHMggnk=,01/Jul/1995:01:24:07,"GET /cgi-bin/imagemap/countdown?293,152 HTTP/1.0",302,97
9fFk/7uXfdbAKMJrOeuBgr8ENa9PncZkIUsoo0hhqSw=,01/Jul/1995:01:24:07,"GET /cgi-bin/imagemap/countdown?92,142 HTTP/1.0",302,96
CUB7jqwYHTYvURNcSuUFri0SGipNiKysBY1lSkrTWEE=,01/Jul/1995:01:24:17,"GET /cgi-bin/imagemap/countdown?319,269 HTTP/1.0",302,98
Vutn/BuNMDSD0jVbiPnZnXDpZNYFCwS2O2hnXHMggnk=,01/Jul/1995:01:24:23,"GET /cgi-bin/imagemap/fr?306,149 HTTP/1.0",302,79
eUU5lMqVyQgauMb2ZfqpescJPHGJbLKeG/ixoHIuy7A=,01/Jul/1995:01:24:32,"GET /cgi-bin/imagemap/countdown?381,279 HTTP/1.0",302,68
H5G7ofMsTraYOGXarwDp/A88unShPjTOoyvbXeDB8cQ=,01/Jul/1995:01:24:37,"GET /cgi-bin/imagemap/countdown?320,271 HTTP/1.0",302,98
Vutn/BuNMDSD0jVbiPnZnXDpZNYFCwS2O2hnXHMggnk=,01/Jul/1995:01:25:32,"GET /cgi-bin/imagemap/countdown?110,277 HTTP/1.0",302,98
fWpiMV69BibgQpn8hcjTT0JPuElICtkZJAPntGR0O80=,01/Jul/1995:01:26:11,"GET /cgi-bin/imagemap/countdown?323,282 HTTP/1.0",302,98
bava5efn3nSHZFAtSs81j54iwGvFN/sH0fwJaXaR9Vs=,01/Jul/1995:01:27:06,"GET /cgi-bin/imagemap/countdown?103,144 HTTP/1.0",302,96
/0usNOn+1XgqGxm0Ffz8Fj+AR3J5I5253f5N/EEL7BY=,01/Jul/1995:01:28:04,"GET /cgi-bin/imagemap/countdown?108,145 HTTP/1.0",302,96
CUB7jqwYHTYvURNcSuUFri0SGipNiKysBY1lSkrTWEE=,01/Jul/1995:01:28:45,"GET /cgi-bin/imagemap/countdown?103,119 HTTP/1.0",302,111
9fFk/7uXfdbAKMJrOeuBgr8ENa9PncZkIUsoo0hhqSw=,01/Jul/1995:01:29:50,"GET /cgi-bin/imagemap/countdown?105,169 HTTP/1.0",302,110
NXPGuT5kldlRRvTOuLkc+hfNmcfFw75SDKgK+7o0B0c=,01/Jul/1995:01:31:02,"GET /cgi-bin/imagemap/countdown?89,109 HTTP/1.0",302,111
ddVbrgC0Y1oz1e64XFp0xg==,01/Jul/1995:01:32:20,"GET /cgi-bin/imagemap/countdown?101,141 HTTP/1.0",302,96
6R3BMAJMZDtdgwdJP6aZ735grXTWIMn+6rw38cXPT0Y=,01/Jul/1995:01:32:37,"GET /cgi-bin/imagemap/countdown?368,267 HTTP/1.0",302,68
iisSLkz45mkOknd9T3gxAL3NJ8WS4LG/5TYeGUFRZ4E=,01/Jul/1995:01:35:23,"GET /cgi-bin/imagemap/countdown?99,206 HTTP/1.0",302,95
x3OJJxts10DCecuhv7sdLpeSeUnUlpbsvNGRM6U0FZM=,01/Jul/1995:01:36:09,"GET /cgi-bin/imagemap/countdown?96,138 HTTP/1.0",302,96
x3OJJxts10DCecuhv7sdLpeSeUnUlpbsvNGRM6U0FZM=,01/Jul/1995:01:36:41,"GET /cgi-bin/imagemap/countdown?377,276 HTTP/1.0",302,68
6r9LaOTvbQjN20dcCc8NuGs+u/wqIrX85GNTASLzvN4=,01/Jul/1995:01:37:59,"GET /cgi-bin/imagemap/countdown?102,141 HTTP/1.0",302,96
GEHwv0TtVTn1kH1VWtnUkW3wLSKIXLUJGCNvaznwKIc=,01/Jul/1995:01:38:51,"GET /cgi-bin/imagemap/countdown?324,276 HTTP/1.0",302,98
GEHwv0TtVTn1kH1VWtnUkW3wLSKIXLUJGCNvaznwKIc=,01/Jul/1995:01:39:45,"GET /cgi-bin/imagemap/countdown?103,174 HTTP/1.0",302,110
kK/QTL8KKDu4oQb+MWcb8A==,01/Jul/1995:01:40:54,"GET /cgi-bin/imagemap/countdown?93,173 HTTP/1.0",302,110
lYZpu3FhqaRGRXv/bRv3+A==,01/Jul/1995:01:40:59,"GET /cgi-bin/imagemap/countdown?90,108 HTTP/1.0",302,111
1XkvAKTskLxj2T3DChxS1BesHfRhaHi0K4C+HWtvOBHGFD/0YWaMduaxj6eiq0OP,01/Jul/1995:01:42:18,"GET /cgi-bin/imagemap/countdown?95,279 HTTP/1.0",302,98
z5g8M84ZaUF9CCjpRHjbqw==,01/Jul/1995:01:43:22,"GET /cgi-bin/imagemap/countdown?100,107 HTTP/1.0",302,111
1XkvAKTskLxj2T3DChxS1BesHfRhaHi0K4C+HWtvOBHGFD/0YWaMduaxj6eiq0OP,01/Jul/1995:01:43:54,"GET /cgi-bin/imagemap/countdown?92,185 HTTP/1.0",302,110
DFOnW2N2O4sGfMfCfeTGDsVC1uYSQ0rEEb4mEfDQfbE=,01/Jul/1995:01:44:25,"GET /cgi-bin/imagemap/countdown?99,112 HTTP/1.0",302,111
z5g8M84ZaUF9CCjpRHjbqw==,01/Jul/1995:01:44:36,"GET /cgi-bin/imagemap/countdown?93,176 HTTP/1.0",302,110
1MA8IYx92avQOnwEffTZBw==,01/Jul/1995:01:45:02,"GET /cgi-bin/imagemap/countdown?90,178 HTTP/1.0",302,110
wNI0Dn33x6aUIZiQ8e9qgg4ahjTfIkbTEAE+HMQm2Vs=,01/Jul/1995:01:45:05,"GET /cgi-bin/imagemap/countdown?96,103 HTTP/1.0",302,111
+CEq6EEDkymjxH6FpHCNQH98Qx7DtSqNJARtCp9sbJE=,01/Jul/1995:01:45:27,"GET /cgi-bin/imagemap/countdown?97,170 HTTP/1.0",302,110
1PKO7ZT1rVPqz/s5C1AFPRWLLF+Y84QH3nDTssjAFXM=,01/Jul/1995:01:45:30,"GET /cgi-bin/imagemap/countdown?99,148 HTTP/1.0",302,96
1MA8IYx92avQOnwEffTZBw==,01/Jul/1995:01:46:15,"GET /cgi-bin/imagemap/countdown?99,143 HTTP/1.0",302,96
ogB75yq3yhP7ib+bnHdV5bKGGVzZ/R2UGqETJ71H+vQ=,01/Jul/1995:01:46:34,"GET /cgi-bin/imagemap/countdown?86,138 HTTP/1.0",302,96
OnfbB0MxFiaUxLiyQOU75w==,01/Jul/1995:01:47:03,"GET /cgi-bin/imagemap/countdown?515,110 HTTP/1.0",302,100
5RXVFXULQ4QFVDydREKqXg==,01/Jul/1995:01:47:50,"GET /cgi-bin/imagemap/countdown?109,105 HTTP/1.0",302,111
5RXVFXULQ4QFVDydREKqXg==,01/Jul/1995:01:48:24,"GET /cgi-bin/imagemap/countdown?101,275 HTTP/1.0",302,98
1XkvAKTskLxj2T3DChxS1BesHfRhaHi0K4C+HWtvOBHGFD/0YWaMduaxj6eiq0OP,01/Jul/1995:01:48:58,"GET /cgi-bin/imagemap/countdown?536,31 HTTP/1.0",302,100
qTKMomUsshXXFCxcwjui292KIjmN/Rvsy3qczNNWCpc=,01/Jul/1995:01:49:43,"GET /cgi-bin/imagemap/countdown?102,111 HTTP/1.0",302,111
1XkvAKTskLxj2T3DChxS1BesHfRhaHi0K4C+HWtvOBHGFD/0YWaMduaxj6eiq0OP,01/Jul/1995:01:50:10,"GET /cgi-bin/imagemap/countdown?538,110 HTTP/1.0",302,100
33/a9Cl4NqAxCWz7wgSqvw+iTBmIYxIkDV+Hyl4vg+E=,01/Jul/1995:01:50:49,"GET /cgi-bin/imagemap/countdown?376,268 HTTP/1.0",302,68
Txwx3SMqePzH+95ob2f4IZaaIcYKW28Y2uN0ODtQsiA=,01/Jul/1995:01:51:07,"GET /cgi-bin/imagemap/countdown?93,111 HTTP/1.0",302,111
MjFWBo6UV9WLVH78RUI2fg==,01/Jul/1995:01:52:01,"GET /cgi-bin/imagemap/countdown?108,144 HTTP/1.0",302,96
WiVBeKht5m3IwqPT95ZwGA==,01/Jul/1995:01:52:02,"GET /cgi-bin/imagemap/astrohome?212,145 HTTP/1.0",302,88
shFw3mXG3e4Tp5EofnZ7JQ==,01/Jul/1995:01:53:18,"GET /cgi-bin/imagemap/astrohome?124,278 HTTP/1.0",302,85
lYZpu3FhqaRGRXv/bRv3+A==,01/Jul/1995:01:53:37,"GET /cgi-bin/imagemap/countdown?105,115 HTTP/1.0",302,111
qKpt7AIg2olk7TLJ7feI1JaxWOvnPP3mX4WSZGA5BNA=,01/Jul/1995:01:54:28,"GET /cgi-bin/imagemap/countdown?97,176 HTTP/1.0",302,110
MjFWBo6UV9WLVH78RUI2fg==,01/Jul/1995:01:55:58,"GET /cgi-bin/imagemap/countdown?328,277 HTTP/1.0",302,98
fWpiMV69BibgQpn8hcjTT0JPuElICtkZJAPntGR0O80=,01/Jul/1995:01:56:00,"GET /cgi-bin/imagemap/countdown?103,171 HTTP/1.0",302,110
nQtDpYce05QOj1rjFWef0A==,01/Jul/1995:01:56:34,"GET /cgi-bin/imagemap/countdown?103,144 HTTP/1.0",302,96
/T0t7L3zlREsV6GbhuU3K98HK4UJYrRRyW2wszs2KL4=,01/Jul/1995:01:56:44,"GET /cgi-bin/imagemap/countdown?89,116 HTTP/1.0",302,111
bX9ZB41lCtz8XYrLT0oovw==,01/Jul/1995:01:57:28,"GET /cgi-bin/imagemap/countdown?100,174 HTTP/1.0",302,110
/T0t7L3zlREsV6GbhuU3K98HK4UJYrRRyW2wszs2KL4=,01/Jul/1995:01:57:33,"GET /cgi-bin/imagemap/countdown?103,174 HTTP/1.0",302,110
nQtDpYce05QOj1rjFWef0A==,01/Jul/1995:01:57:44,"GET /cgi-bin/imagemap/countdown?97,176 HTTP/1.0",302,110
RQ5m1WwhYhezwDfuuaGMcpQLJBhDLxm95nNAPgEfklA=,01/Jul/1995:01:57:49,"GET /cgi-bin/imagemap/countdown?96,147 HTTP/1.0",302,96
dG+wR8xYi8JYWXeDheaT+A==,01/Jul/1995:02:02:11,"GET /cgi-bin/imagemap/countdown?378,280 HTTP/1.0",302,68
QROTeRawhfYxr8fG9C/qo7TC8i9pXA/VIchiiiKr+hM=,01/Jul/1995:02:02:34,"GET /cgi-bin/imagemap/countdown?102,175 HTTP/1.0",302,110
Qk/r8BXd9+FAuHvP9mKAij3oEpVB/6hMm9b952uYDNE=,01/Jul/1995:02:02:59,"GET /cgi-bin/imagemap/countdown?102,144 HTTP/1.0",302,96
rnIpTvbf6uKu1zaHeJQbesZdscZRQgkmjGeTlBKa+40=,01/Jul/1995:02:03:42,"GET /cgi-bin/imagemap/countdown?108,209 HTTP/1.0",302,95
rnIpTvbf6uKu1zaHeJQbesZdscZRQgkmjGeTlBKa+40=,01/Jul/1995:02:04:19,"GET /cgi-bin/imagemap/countdown?380,273 HTTP/1.0",302,68
dZkZ9D6gQLoBcrKsCcx2kXnZWCymFU30E/Tpi+E+HwA=,01/Jul/1995:02:04:48,"GET /cgi-bin/imagemap/astrohome?401,200 HTTP/1.0",302,92
R+gUP75+Vd6z35uzPts2J5pI3XvP4pY3sbR60mHevDw=,01/Jul/1995:02:05:01,"GET /cgi-bin/imagemap/countdown?377,276 HTTP/1.0",302,68
88vs0MurrRemE/JcQwXcpNPyO8wDumgzLfIykGdao0o=,01/Jul/1995:02:05:06,"GET /cgi-bin/imagemap/countdown?96,176 HTTP/1.0",302,110
iqEogjFOhAS5t1yWDK2oN97qeo9EkPtjazgKgVLG1h0=,01/Jul/1995:02:05:28,"GET /cgi-bin/imagemap/countdown?212,274 HTTP/1.0",302,114
R+gUP75+Vd6z35uzPts2J5pI3XvP4pY3sbR60mHevDw=,01/Jul/1995:02:07:10,"GET /cgi-bin/imagemap/countdown?369,278 HTTP/1.0",302,68
v7rWCDwlHlMUWP3FLuF+NQ==,01/Jul/1995:02:07:32,"GET /cgi-bin/imagemap/countdown?104,113 HTTP/1.0",302,111
ZjQIFfzVdbwtTe2qfWtCfKEaIndXEYjYAK559+2v6oM=,01/Jul/1995:02:07:57,"GET /cgi-bin/imagemap/countdown?316,272 HTTP/1.0",302,98
y8GH+ynrX8KKUbI/NbZC8AkRhzNClMKL9F47vNf4+Lw=,01/Jul/1995:02:08:34,"GET /cgi-bin/imagemap/countdown?102,148 HTTP/1.0",302,96
iqEogjFOhAS5t1yWDK2oN97qeo9EkPtjazgKgVLG1h0=,01/Jul/1995:02:09:00,"GET /cgi-bin/imagemap/countdown?90,147 HTTP/1.0",302,96
KAetXOEMQiqI4E8mb8Z4YpGYqR+/+VQ5AtBnFXmKvAA=,01/Jul/1995:02:09:02,"GET /cgi-bin/imagemap/countdown?102,171 HTTP/1.0",302,110
btZPbQuI/VxDzu8XoibwW2SF/hv0jZv0AHRRtSEsWvQ=,01/Jul/1995:02:09:08,"GET /cgi-bin/imagemap/countdown?104,213 HTTP/1.0",302,95
bZILlh9BTwezGvO8S25xA74m20ojJtQYwjoFn2YLxUA=,01/Jul/1995:02:09:30,"GET /cgi-bin/imagemap/countdown?100,145 HTTP/1.0",302,96
iqEogjFOhAS5t1yWDK2oN97qeo9EkPtjazgKgVLG1h0=,01/Jul/1995:02:10:27,"GET /cgi-bin/imagemap/countdown?365,269 HTTP/1.0",302,68
3gs39NQKCs2y9Q1emCdf2BuH8n/rHmBjUHd2uI5MkKE=,01/Jul/1995:02:10:30,"GET /cgi-bin/imagemap/countdown?110,175 HTTP/1.0",302,110
KAetXOEMQiqI4E8mb8Z4YpGYqR+/+VQ5AtBnFXmKvAA=,01/Jul/1995:02:10:38,"GET /cgi-bin/imagemap/countdown?321,272 HTTP/1.0",302,98
A6xxAEyYbb9YdE8+Db90dQ==,01/Jul/1995:02:13:12,"GET /cgi-bin/imagemap/fr?318,174 HTTP/1.0",302,83
NoUjZ0bt+Fy6ydfiPJ+j6Q==,01/Jul/1995:02:13:24,"GET /cgi-bin/imagemap/countdown?378,274 HTTP/1.0",302,68
EfjsEYQFcZ1yQqqP2SPSy2RCE59HrD4EyosYObva5B8=,01/Jul/1995:02:14:02,"GET /cgi-bin/imagemap/countdown?103,169 HTTP/1.0",302,110
1XkvAKTskLxj2T3DChxS1BesHfRhaHi0K4C+HWtvOBHGFD/0YWaMduaxj6eiq0OP,01/Jul/1995:02:14:57,"GET /cgi-bin/imagemap/countdown?100,171 HTTP/1.0",302,110
sjb/h21Hrg+qbvRUmE0Zm+IcrEWHkhmjmzSb26HUDB8=,01/Jul/1995:02:15:57,"GET /cgi-bin/imagemap/countdown?50,50 HTTP/1.0",302,72
3gs39NQKCs2y9Q1emCdf2BuH8n/rHmBjUHd2uI5MkKE=,01/Jul/1995:02:16:24,"GET /cgi-bin/imagemap/countdown?103,149 HTTP/1.0",302,96
3gs39NQKCs2y9Q1emCdf2BuH8n/rHmBjUHd2uI5MkKE=,01/Jul/1995:02:16:38,"GET /cgi-bin/imagemap/countdown?100,141 HTTP/1.0",302,96
3gs39NQKCs2y9Q1emCdf2BuH8n/rHmBjUHd2uI5MkKE=,01/Jul/1995:02:16:43,"GET /cgi-bin/imagemap/countdown?380,278 HTTP/1.0",302,68
tPho8cjtNxfbKAg6XaUzI68a55EPQKrwYI2CDXRTshc=,01/Jul/1995:02:16:59,"GET /cgi-bin/imagemap/countdown?93,177 HTTP/1.0",302,110
ZZmQG8a1PvjwYAChXOpQHCqn8ytTts8C+vqUCRrZ+/4=,01/Jul/1995:02:17:13,"GET /cgi-bin/imagemap/countdown?106,177 HTTP/1.0",302,110
0oVcXk/d2aEo8AfFX945tvGYUJG+bF9lVZqXCt4UA7Q=,01/Jul/1995:02:17:19,"GET /cgi-bin/imagemap/countdown?278,272 HTTP/1.0",302,85
1XkvAKTskLxj2T3DChxS1BesHfRhaHi0K4C+HWtvOBHGFD/0YWaMduaxj6eiq0OP,01/Jul/1995:02:17:21,"GET /cgi-bin/imagemap/countdown?532,68 HTTP/1.0",302,100
ZT89TNJ8x+bm2OY3BjpQktSq/+M+rYFFWdRDW9KvYds=,01/Jul/1995:02:17:22,"GET /cgi-bin/imagemap/countdown?94,142 HTTP/1.0",302,96
tPho8cjtNxfbKAg6XaUzI68a55EPQKrwYI2CDXRTshc=,01/Jul/1995:02:17:40,"GET /cgi-bin/imagemap/countdown?162,278 HTTP/1.0",302,77
ZT89TNJ8x+bm2OY3BjpQktSq/+M+rYFFWdRDW9KvYds=,01/Jul/1995:02:17:44,"GET /cgi-bin/imagemap/countdown?102,109 HTTP/1.0",302,111
5RXVFXULQ4QFVDydREKqXg==,01/Jul/1995:02:18:59,"GET /cgi-bin/imagemap/countdown?98,208 HTTP/1.0",302,95
5RXVFXULQ4QFVDydREKqXg==,01/Jul/1995:02:19:23,"GET /cgi-bin/imagemap/countdown?386,274 HTTP/1.0",302,68
sdLaLEYcnwjV6J2s7gl+WvMydlJuC9k2Y/BUPppEbDx1ACfhUJNysmJFdcLLRzJv,01/Jul/1995:02:23:03,"GET /cgi-bin/imagemap/countdown?113,181 HTTP/1.0",302,110
1HI+PzxmrXDGIhGRHvhxc9K4aertUKFSDm1PBwnW3AA=,01/Jul/1995:02:23:36,"GET /cgi-bin/imagemap/countdown?103,209 HTTP/1.0",302,95
7V5nEqEC+MNqRMcmUPKEI1LNS0e6U3xsHGmkmERz5rk=,01/Jul/1995:02:23:52,"GET /cgi-bin/imagemap/countdown?108,105 HTTP/1.0",302,111
DvcBYCNib+yy7q/Pnjzx1ukdDyEajOZNonKm4vc2cNw=,01/Jul/1995:02:25:08,"GET /cgi-bin/imagemap/countdown?96,175 HTTP/1.0",302,110
7V5nEqEC+MNqRMcmUPKEI1LNS0e6U3xsHGmkmERz5rk=,01/Jul/1995:02:25:17,"GET /cgi-bin/imagemap/countdown?109,211 HTTP/1.0",302,95
LlVwhI6S/KsXp1R5HZeiYA==,01/Jul/1995:02:26:21,"GET /cgi-bin/imagemap/countdown?96,273 HTTP/1.0",302,98
DvcBYCNib+yy7q/Pnjzx1ukdDyEajOZNonKm4vc2cNw=,01/Jul/1995:02:27:21,"GET /cgi-bin/imagemap/countdown?320,274 HTTP/1.0",302,98
6RcisSTh/n3bznA7//zj4p2Dn9vKpFjXQB2XQywa/p8=,01/Jul/1995:02:28:36,"GET /cgi-bin/imagemap/countdown?99,110 HTTP/1.0",302,111
6RcisSTh/n3bznA7//zj4p2Dn9vKpFjXQB2XQywa/p8=,01/Jul/1995:02:28:59,"GET /cgi-bin/imagemap/countdown?104,177 HTTP/1.0",302,110
z4jLUwiYmsoJIUwPfsu0tSKQRNOECdeosSUyndQD6q0=,01/Jul/1995:02:31:27,"GET /cgi-bin/imagemap/countdown?328,276 HTTP/1.0",302,98
sdLaLEYcnwjV6J2s7gl+WvMydlJuC9k2Y/BUPppEbDx1ACfhUJNysmJFdcLLRzJv,01/Jul/1995:02:32:00,"GET /cgi-bin/imagemap/countdown?102,180 HTTP/1.0",302,110
fiKOSsRtbeRDZbYCPMXK7aRMmgL85IyVPts8xETuRzc=,01/Jul/1995:02:32:12,"GET /cgi-bin/imagemap/countdown?99,140 HTTP/1.0",302,96
j9CBpnpQng+ZyYJEfpjUUnMvKJA7VYPKge7En06GIfI=,01/Jul/1995:02:32:53,"GET /cgi-bin/imagemap/countdown?108,147 HTTP/1.0",302,96
j9CBpnpQng+ZyYJEfpjUUnMvKJA7VYPKge7En06GIfI=,01/Jul/1995:02:34:12,"GET /cgi-bin/imagemap/countdown?389,272 HTTP/1.0",302,68
fiKOSsRtbeRDZbYCPMXK7aRMmgL85IyVPts8xETuRzc=,01/Jul/1995:02:35:08,"GET /cgi-bin/imagemap/countdown?378,276 HTTP/1.0",302,68
K8Bj2p1MPgtWEvXlHoZI9dCZBNMQjwrFJQOSgXvcmDM=,01/Jul/1995:02:35:33,"GET /cgi-bin/imagemap/countdown?301,184 HTTP/1.0",302,97
K8Bj2p1MPgtWEvXlHoZI9dCZBNMQjwrFJQOSgXvcmDM=,01/Jul/1995:02:36:56,"GET /cgi-bin/imagemap/fr?228,475 HTTP/1.0",302,81
K8Bj2p1MPgtWEvXlHoZI9dCZBNMQjwrFJQOSgXvcmDM=,01/Jul/1995:02:38:35,"GET /cgi-bin/imagemap/fr?223,354 HTTP/1.0",302,74
3GU9bEEBDKm9xj5mRs2Flu2XLfVVJEx5HgoTTrNmjIw=,01/Jul/1995:02:38:43,"GET /cgi-bin/imagemap/countdown?329,276 HTTP/1.0",302,98
K8Bj2p1MPgtWEvXlHoZI9dCZBNMQjwrFJQOSgXvcmDM=,01/Jul/1995:02:38:58,"GET /cgi-bin/imagemap/fr?116,343 HTTP/1.0",302,87
Ev5+pid8eCzGRfpsoEeLzQ==,01/Jul/1995:02:42:44,"GET /cgi-bin/imagemap/countdown?91,208 HTTP/1.0",302,95
Ev5+pid8eCzGRfpsoEeLzQ==,01/Jul/1995:02:43:02,"GET /cgi-bin/imagemap/countdown?108,143 HTTP/1.0",302,96
Te4u06mq6YOwgBf+9GSw11oe/qUOmrcC0yIUwHHO1s0=,01/Jul/1995:02:43:33,"GET /cgi-bin/imagemap/countdown?105,133 HTTP/1.0",302,96
PymjqvcJ6KPB+/df87Wt+ofNPKlz8M1S5OFyvysmUhY=,01/Jul/1995:02:44:31,"GET /cgi-bin/imagemap/countdown?375,271 HTTP/1.0",302,68
WbiZ44CiWaDMNLobbyDDq0ko1oPZP24up1smXkuxsUo=,01/Jul/1995:02:45:10,"GET /cgi-bin/imagemap/countdown?99,142 HTTP/1.0",302,96
/29Y3YTTctULbgyPvqBFnaxCyCC/0+hUXssSh1mgPDk=,01/Jul/1995:02:45:38,"GET /cgi-bin/imagemap/countdown?99,176 HTTP/1.0",302,110
2ZcDDM0wtRYpboE6UxRWGLA8wUGUZB7COhLeFcH20Rc=,01/Jul/1995:02:46:28,"GET /cgi-bin/imagemap/countdown?380,272 HTTP/1.0",302,68
wQFMy38gscPRmEzos0AoM0QLI8obt7oa5sgrYJs19nY=,01/Jul/1995:02:47:11,"GET /cgi-bin/imagemap/countdown?91,173 HTTP/1.0",302,110
/29Y3YTTctULbgyPvqBFnaxCyCC/0+hUXssSh1mgPDk=,01/Jul/1995:02:48:33,"GET /cgi-bin/imagemap/countdown?103,144 HTTP/1.0",302,96
/29Y3YTTctULbgyPvqBFnaxCyCC/0+hUXssSh1mgPDk=,01/Jul/1995:02:49:41,"GET /cgi-bin/imagemap/countdown?369,270 HTTP/1.0",302,68
wQFMy38gscPRmEzos0AoM0QLI8obt7oa5sgrYJs19nY=,01/Jul/1995:02:50:08,"GET /cgi-bin/imagemap/countdown?458,287 HTTP/1.0",302,85
iZFCkqCleZYEkMMu3FX01OKwBnpOi+X1K7ycOZUGAdQ=,01/Jul/1995:02:53:27,"GET /cgi-bin/imagemap/countdown?312,272 HTTP/1.0",302,98
GjsguSEvkvDj834I2s9fNfvrVw0PqFUvZDy9FV6oWdA=,01/Jul/1995:02:55:39,"GET /cgi-bin/imagemap/countdown?105,238 HTTP/1.0",302,81
aPbyFoXEbz71NyYcpVLOtmgQ4wxFLIQtzMj8VI52jSY=,01/Jul/1995:02:57:17,"GET /cgi-bin/imagemap/countdown?114,115 HTTP/1.0",302,111
aPbyFoXEbz71NyYcpVLOtmgQ4wxFLIQtzMj8VI52jSY=,01/Jul/1995:02:57:55,"GET /cgi-bin/imagemap/countdown?104,208 HTTP/1.0",302,95
aPbyFoXEbz71NyYcpVLOtmgQ4wxFLIQtzMj8VI52jSY=,01/Jul/1995:02:58:22,"GET /cgi-bin/imagemap/countdown?104,148 HTTP/1.0",302,96
kBInmXT9pIwYrdF52clcOtF3bKROHnjoetQgti/ftVM=,01/Jul/1995:02:59:44,"GET /cgi-bin/imagemap/countdown?376,277 HTTP/1.0",302,68
7rkaKMDtG83BY6AsSzB1sC5ZmcF10gmiuIkei4FgLIg=,01/Jul/1995:03:03:53,"GET /cgi-bin/imagemap/countdown?16,7 HTTP/1.0",302,100
7rkaKMDtG83BY6AsSzB1sC5ZmcF10gmiuIkei4FgLIg=,01/Jul/1995:03:04:04,"GET /cgi-bin/imagemap/countdown?106,38 HTTP/1.0",302,72
NgCppvUSq+yFT4rmw/7WD8eCVPnMqxMCOr4VqafKO7U=,01/Jul/1995:03:04:27,"GET /cgi-bin/imagemap/countdown?109,179 HTTP/1.0",302,110
/29Y3YTTctULbgyPvqBFnaxCyCC/0+hUXssSh1mgPDk=,01/Jul/1995:03:04:33,"GET /cgi-bin/imagemap/countdown?280,168 HTTP/1.0",302,97
/29Y3YTTctULbgyPvqBFnaxCyCC/0+hUXssSh1mgPDk=,01/Jul/1995:03:05:23,"GET /cgi-bin/imagemap/countdown?317,271 HTTP/1.0",302,98
olSuBI0JxewvtzwQuhbYxLjIyvLcfyRzTYfcj4aQDgA=,01/Jul/1995:03:05:40,GET /shuttle/missions/sts-67/images/images.html   HTTP/1.0,200,4464
Lbg8rlgM5Ob2SnC1lExgkQ==,01/Jul/1995:03:08:27,"GET /cgi-bin/imagemap/countdown?167,88 HTTP/1.0",302,97
Lbg8rlgM5Ob2SnC1lExgkQ==,01/Jul/1995:03:08:54,"GET /cgi-bin/imagemap/fr?146,26 HTTP/1.0",302,79
OoMBIAZzOipP/2Tm2MQ2pNjHfwBg2mGyUu6jdhloEEc=,01/Jul/1995:03:09:18,"GET /cgi-bin/imagemap/countdown?98,149 HTTP/1.0",302,96
Nyl0Bzfr3JRrFYzYfk2C9gONbCBVvOdm3LwlU4eMxVQ=,01/Jul/1995:03:11:43,"GET /cgi-bin/imagemap/countdown?101,176 HTTP/1.0",302,110
Nyl0Bzfr3JRrFYzYfk2C9gONbCBVvOdm3LwlU4eMxVQ=,01/Jul/1995:03:12:27,"GET /cgi-bin/imagemap/countdown?371,274 HTTP/1.0",302,68
XXjneOcBLPK/C95+DE7dwA==,01/Jul/1995:03:13:09,"GET /cgi-bin/imagemap/countdown?107,142 HTTP/1.0",302,96
Nyl0Bzfr3JRrFYzYfk2C9gONbCBVvOdm3LwlU4eMxVQ=,01/Jul/1995:03:13:35,"GET /cgi-bin/imagemap/countdown?329,274 HTTP/1.0",302,98
87OoFTFF10lF4EYC67REsw==,01/Jul/1995:03:15:40,"GET /cgi-bin/imagemap/countdown?95,112 HTTP/1.0",302,111
87OoFTFF10lF4EYC67REsw==,01/Jul/1995:03:17:00,"GET /cgi-bin/imagemap/countdown?97,171 HTTP/1.0",302,110
ZT89TNJ8x+bm2OY3BjpQktSq/+M+rYFFWdRDW9KvYds=,01/Jul/1995:03:17:22,"GET /cgi-bin/imagemap/countdown?376,273 HTTP/1.0",302,68
ai21F0YPNAD+uVmYnN3DPwl8eZJCiHEWALS2iCeh/og=,01/Jul/1995:03:17:46,"GET /cgi-bin/imagemap/countdown?268,164 HTTP/1.0",302,97
ZT89TNJ8x+bm2OY3BjpQktSq/+M+rYFFWdRDW9KvYds=,01/Jul/1995:03:18:53,"GET /cgi-bin/imagemap/countdown?255,271 HTTP/1.0",302,85
sh1RAwraLlZWoZ8HE/cwyg==,01/Jul/1995:03:20:15,"GET /cgi-bin/imagemap/countdown?100,176 HTTP/1.0",302,110
X7bV7R8vWl84GriX/Ly7xTnmNkCBbaISthpFmAHijZk=,01/Jul/1995:03:22:09,"GET /cgi-bin/imagemap/countdown?98,178 HTTP/1.0",302,110
f0jr7QMJxC7Qj56skz++ymLm+eIxAAgXqDNGwxklnxo=,01/Jul/1995:03:26:06,"GET /cgi-bin/imagemap/countdown?101,177 HTTP/1.0",302,110
kqivvuZFCOSy/UGUyABJTw==,01/Jul/1995:03:26:50,"GET /cgi-bin/imagemap/countdown?84,180 HTTP/1.0",302,110
9SrQht9Iha/4+ZCQ87Exswkid9OrVCxPUrYHvNe/EaU=,01/Jul/1995:03:27:37,"GET /cgi-bin/imagemap/countdown?100,143 HTTP/1.0",302,96
cS/qAbK5+QoUEC66ecnrGam26f0j6aZCHbd4aB8VJwA=,01/Jul/1995:03:29:53,"GET /cgi-bin/imagemap/countdown?431,12 HTTP/1.0",302,100
iVZsMFjeRnEoUEGMxgfd1GTs57Ej+YzQIqY0G7y2VpU=,01/Jul/1995:03:31:19,"GET /cgi-bin/imagemap/countdown?382,275 HTTP/1.0",302,68
vPOEclrRx2ADfx9JzcNp9A==,01/Jul/1995:03:35:45,"GET /cgi-bin/imagemap/countdown?84,177 HTTP/1.0",302,110
4+6OGcsAxbJP/tJobxWYDw==,01/Jul/1995:03:37:21,"GET /cgi-bin/imagemap/countdown?95,177 HTTP/1.0",302,110
eozMhHOSoddohK1NRuczy2NdBU53V6G6wDpnDcgQRqg=,01/Jul/1995:03:37:25,"GET /cgi-bin/imagemap/countdown?386,275 HTTP/1.0",302,68
